{
	"name": "Cheader",

	"keywords": ["auto", "break", "case",
		"const",
		"continue", "default", "do", "else", "enum", "extern", "for", "goto", "if", "inline", "register",
		"restrict", "return", "sizeof", "static", "struct", "switch",
		"typedef", "union", "volatile", "while"
	],

	"types": ["boolean", "byte", "char", "char16_t", "char32_t", "double", "float", "int", "long", "signed",
		"short", "void", "wchar_t", "unsigned"],

	"attributes": ["#define", "#elif", "#else", "#endif", "#error", "#if", "#ifdef", "#ifndef", "#import",
		"#include", "#line", "#pragma", "#undef", "@private", "@protected", "@public", "@try", "@property", "@end",
		"@throw", "@catch", "@finally", "@autoreleasepool", "@synthesize", "@dynamic", "@selector",
		"@optional", "@required", "@encode", "@package", "@import", "@defs", "@compatibility_alias", 
		"@interface", "@available", "@class", "@protocol", "@implementation",
		"IBOutlet", "IBAction"],

	"variables": [],

	"values": ["false", "NULL", "true"],

	"numbers" : [{
		"regEx": "\\b-?[1-9][0-9]*l?\\b",
		"ignoreCase": true
	}, {
		"regEx": "\\b-?\\d+\\.\\d+(e[-+]?\\d+)?[lf]?\\b",
		"ignoreCase": true
	}, {
		"regEx": "\\b0[1-7][0-7]*+l?\\b",
		"ignoreCase": true
	}, {
		"regEx": "\\b0x[0-9a-f]+l?\\b",
		"ignoreCase": true
	}],

	"characters": [{
		"begin": "'",
		"end": "'"
	}],

	"strings": [{
		"begin": "\"",
		"end": "\""
	}, {
		"regEx": "(?<=#include)[\\t ]*<.+>"
	}],

	"comments": {
		"begin": "/*",
		"end": "*/",
		"inline": "//"
	}
}