{
	"name": "C++",

	"keywords": ["alignas", "alignof", "and", "and_eq", "asm", "auto", "bitand", "bitor", "break", "case",
		"catch", "class", "compl", "const", "constexpr", "const_cast",
		"continue", "decltype", "default", "delete", "do", "double", "dynamic_cast", "else", "enum", "explicit",
		"extends", "export", "extern", "for", "friend", "goto", "if", "inline",
		"namespace", "new", "noexcept", "not", "not_eq", "nullptr", "operator", "or", "or_eq", "private",
		"protected", "public", "register", "reinterpret_cast", "return",
		"static", "static_assert", "static_cast", "struct", "switch", "template", "thread_local", "throw", "try",
		"typedef", "typeid", "typename", "union", "using", "virtual", "volatile", "while", "xor", "xor_eq"],

	"types": ["boolean", "byte", "char", "char16_t", "char32_t", "double", "float", "int", "long", "signed",
		"short", "void", "wchar_t", "unsigned"],

	"attributes": ["#define", "#elif", "#else", "#endif", "#error", "#if", "#ifdef", "#ifndef", "#include", "#line",
		"#pragma", "#undef", "__FUNCTION__"],

	"variables": [ "this"],

	"values": ["false", "NULL", "true"],

	"numbers" : [{
		"regEx": "\\b-?[1-9][0-9]*l?\\b",
		"ignoreCase": true
	}, {
		"regEx": "\\b-?\\d+\\.\\d+(e[-+]?\\d+)?[lf]?\\b",
		"ignoreCase": true
	}, {
		"regEx": "\\b0[1-7][0-7]*+l?\\b",
		"ignoreCase": true
	}, {
		"regEx": "\\b0x[0-9a-f]+l?\\b",
		"ignoreCase": true
	}],

	"characters": [{
		"begin": "'",
		"end": "'"
	}],

	"strings": [{
		"begin": "\"",
		"end": "\""
	}, {
		"regEx": "(?<=#include)[\\t ]*<.+>"
	}],

	"comments": {
		"begin": "/*",
		"end": "*/",
		"inline": "//"
	}
}