{
	"name": "CSharp",

	"keywords": ["#define", "#elif", "#else", "#endif", "#endregion", "#error", "#if", "#line",
		"#pragma", "#region", "#undef", "#warning", "break", "case", "catch", "checked",
		"continue", "default", "do", "else", "finally", "fixed", "for", "foreach", "goto", "if",
		"in", "lock", "namespace", "return", "stackalloc", "switch", "throw", "try", "unchecked",
		"using", "while", "yield"],

	"types": ["bool", "byte", "char", "class", "decima", "delegate", "double", "dynamic", "enum",
		"float", "int", "interface", "long", "object", "sbyte", "short", "string", "struct", "uint",
		"ulong", "ushort", "var", "void"],

	"attributes": ["abstract", "add", "alias", "as", "async", "await", "const", "event", "explicit",
		"extern", "get", "global", "implicit", "internal", "is", "new", "operator", "out",
		"override", "params", "partial", "private", "protected", "public", "readonly", "ref",
		"remove", "sealed", "set", "sizeof", "static", "typeof", "unsafe", "value", "virtual",
		"volatile"],

	"variables": ["base", "this"],

	"values": ["false", "null", "true"],

	"numbers" : [{
		"regEx": "\\b(\\d+\\.?\\d*|\\.\\d+)(e[-+]\\d+)?[dfm]?\\b",
		"ignoreCase": true
	}, {
		"regEx": "\\b0x[0-9a-f]+\\b",
		"ignoreCase": true
	}, {
		"regEx": "\\b\\d+[lu]{0,2}\\b",
		"ignoreCase": true
	}],

	"characters": [{
		"begin": "'",
		"end": "'"
	}],

	"strings": [{
		"begin": "\"",
		"end": "\""
	}],

	"comments": {
		"begin": "/*",
		"end": "*/",
		"inline": "//"
	}
}