{
	"name": "Css",

	"keywords": ["align-content", "align-items", "align-self", "animation", "animation-delay",
		"animation-direction", "animation-duration", "animation-fill-mode", "animation-iteration-count",
		"animation-name", "animation-play-state", "animation-timing-function", "backface-visibility",
		"background", "background-attachment", "background-blend-mode", "background-clip", "background-color",
		"background-image", "background-origin", "background-position", "background-repeat", "background-size",
		"border", "border-bottom", "border-bottom-color", "border-bottom-left-radius",
		"border-bottom-right-radius", "border-bottom-style", "border-bottom-width", "border-collapse",
		"border-color", "border-image", "border-image-outset", "border-image-repeat", "border-image-slice",
		"border-image-source", "border-image-width", "border-left", "border-left-color", "border-left-style",
		"border-left-width", "border-radius", "border-right", "border-right-color", "border-right-style",
		"border-right-width", "border-spacing", "border-style", "border-top", "border-top-color",
		"border-top-left-radius", "border-top-right-radius", "border-top-style", "border-top-width",
		"border-width", "box-decoration-break", "box-shadow", "box-sizing", "break-after", "break-before",
		"break-inside", "caption-side", "clear", "clip", "color", "color-interpolation-filters", "column-count",
		"column-fill", "column-gap", "column-rule", "column-rule-color", "column-rule-style", "column-rule-width",
		"column-span", "column-width", "columns", "counter-increment", "counter-reset", "cue", "cue-after",
		"cue-before", "cursor", "direction", "display", "empty-cells", "filter", "flex", "flex-basis",
		"flex-direction", "flex-flow", "flex-grow", "flex-shrink", "flex-wrap", "float", "flood-color",
		"flood-opacity", "font", "font-family", "font-feature-settings", "font-kerning", "font-language-override",
		"font-size", "font-size-adjust", "font-stretch", "font-style", "font-synthesis", "font-variant",
		"font-variant-alternates", "font-variant-caps", "font-variant-east-asian", "font-variant-ligatures",
		"font-variant-numeric", "font-variant-position", "font-weight", "hanging-punctuation", "height", "hyphens",
		"icon", "image-orientation", "image-resolution", "ime-mode", "isolation", "justify-content", "left",
		"letter-spacing", "line-break", "line-height", "list-style", "list-style-image", "list-style-position",
		"list-style-type", "liting-color", "margin", "margin-bottom", "margin-left", "margin-right", "margin-top",
		"marquee-direction", "marquee-play-count", "marquee-speed", "marquee-style", "max-height", "max-width",
		"min-height", "min-width", "mix-blend-mode", "nav-down", "nav-index", "nav-left", "nav-right", "nav-up",
		"object-fit", "object-position", "opacity", "order", "orphans", "outline", "outline-color",
		"outline-offset", "outline-style", "outline-width", "overflow", "overflow-style", "overflow-wrap",
		"overflow-x", "overflow-y", "padding", "padding-bottom", "padding-left", "padding-right", "padding-top",
		"page-break-after", "page-break-before", "page-break-inside", "pause", "pause-after", "pause-before",
		"perspective", "perspective-origin", "position", "quotes", "reset", "reset-after", "reset-before",
		"resize", "right", "shape-image-threshold", "shape-margin", "shape-outside", "speak", "speak-as", "src",
		"tab-size", "table-layout", "text-align", "text-align-last", "text-combine-upright", "text-decoration",
		"text-decoration-color", "text-decoration-line", "text-decoration-skip", "text-decoration-style",
		"text-emphasis", "text-emphasis-color", "text-emphasis-position", "text-emphasis-style", "text-indent",
		"text-justify", "text-orientation", "text-overflow", "text-rendering", "text-shadow", "text-transform",
		"text-underline-position", "transform", "transform-origin", "transform-style", "transition",
		"transition-delay", "transition-duration", "transition-property", "transition-timing-function",
		"unicode-bidi", "unicode-range", "vertical-align", "visibility", "voice-balance", "voice-duration",
		"voice-family", "voice-pitch", "voice-range", "voice-rate", "voice-stress", "voice-volume", "white-space",
		"widows", "width", "word-break", "word-spacing", "word-wrap", "writing-mode", "z-index"
	],

	"types": ["!important"],

	"attributes": [{
		"begin": "[",
		"end": "]"
	}, "::?after", "::?before", "::?first-line", ":active", ":checked", ":disabled", ":empty",
		":enabled", ":first-child", ":first-of-type", ":focus", ":hover", ":last-child", ":last-of-type",
		":link", ":only-child", ":only-of-type", ":root", ":target", ":visited"],

	"variables": ["cls", "self"],

	"values": [{
		"regEx": "(?<![\\-a-z#.])bottom(?!\\s*:)"
	},{
		"regEx": "(?<![\\-a-z#.])left(?!\\s*:)"
	},{
		"regEx": "(?<![\\-a-z#.])right(?!\\s*:)"
	},{
		"regEx": "(?<![\\-a-z#.])top(?!\\s*:)"
	}, "absolute", "aliceblue", "all", "all-petite-caps", "all-small-caps", "allow-end", "alternate", "always",
	"annotation", "antialiased", "antiquewhite", "any", "aqua", "aquamarine", "armenian", "auto", "avoid",
	"avoid-column", "avoid-page", "avoid-region", "azure", "backwards", "balance", "baseline", "beige",
	"bidi-override", "bisque", "black", "blanchedalmond", "blink", "block", "blue", "blueviolet", "bold",
	"bolder", "border-box", "both", "box-decoration", "break-all", "break-word", "brown", "burywood",
	"cadetblue", "capitalize", "caption", "center", "character-variant", "chartreuse", "chocolate", "circle",
	"close-quote", "closest-corner", "closest-side", "collapse", "color-burn", "color-dodge", "column",
	"column-reverse", "condensed", "contain", "content-box", "coral", "cornflowerblue", "cornsilk", "cover",
	"crimson", "crosshair", "cursive", "cyan", "darkblue", "darkcyan", "darken", "darkgoldenrod", "darkgray",
	"darkgreen", "darkgrey", "darkkhaki", "darkmagenta", "darkolivegreen", "darkorange", "darkorchid", "darkred",
	"darksalmon", "darkseagreen", "darkslateblue", "darkslategrey", "darkturquise", "darkviolet", "dashed",
	"decimal", "decimal-leading-zero", "deeppink", "deepskyblue", "default", "didgerblue", "difference", "digits",
	"dimgray", "dimgrey", "disabled", "disc", "distribute", "dot", "dotted", "double", "double-circle",
	"e-resize", "each-line", "ease", "ease-in", "ease-in-out", "ease-out", "edges", "embed", "end", "exclusion",
	"expanded", "extra-condensed", "extra-expanded", "fantasy", "farthest-corner", "farthest-side", "fast", "fill",
	"firebrick", "first", "fixed", "flat", "flex-end", "flex-start", "floralwhite", "force-end", "forestgreen",
	"forward", "forwards", "fuchsia", "full-width", "gainsboro", "geogian", "geometricPrecision", "ghostwhite",
	"gold", "goldenrod", "gray", "green", "greenyellow", "grey", "groove", "hanging", "hard-light", "help",
	"hidden", "hide", "high", "historical-forms", "honeydew", "horizontal", "horizontal-tb", "hotpink", "hue",
	"icon", "indianred", "indigo", "infinite", "inherit", "initial", "ink", "inline", "inline-block",
	"inline-table", "inset", "inside", "inter-word", "invert", "isolate", "isolate-override", "italic", "ivory",
	"justify", "keep-all", "khaki", "large", "last", "lavender", "lavenderblush", "lawngreen", "leftwards",
	"lemonchiffon", "lightblue", "lightcoral", "lightcyan", "lighten", "lighter", "lightgoldenrodyellow",
	"lightgray", "lightgreen", "lightgrey", "lightpink", "lightsalmon", "lightseagreen", "lightskyblue",
	"lightslategray", "lightslategrey", "lightsteelblue", "lightyellow", "lime", "limegreen", "line-through",
	"linear", "linearRGB", "linen", "list-item", "literal-punctuation", "local", "loose", "loud", "low",
	"lower-alpha", "lower-greek", "lower-latin", "lower-roman", "lowercase", "ltr", "luminosity", "magenta",
	"manual", "maroon", "marquee-block", "marquee-line", "match-parent", "medium", "mediumaquamarine",
	"mediumblue", "mediumorchid", "mediumpurple", "mediumseagreen", "mediumslateblue", "mediumspringgreen",
	"mediumturquise", "mediumvioletred", "menu", "message-box", "middle", "midnightblue", "mintcream",
	"mistyrose", "mixed", "moccasin", "moderate", "monospace", "move", "multiply", "n-resize", "navajowhite",
	"navy", "no-close-quote", "no-open-quote", "no-punctuation", "no-repeat", "no-resize", "none", "normal",
	"nowrap", "nw-resize", "objects", "oblique", "oldlace", "olive", "olivedrab", "open", "open-quote",
	"optimizeLegibility", "optimizeSpeed", "orange", "orangered", "orchid", "ordinal", "ornaments", "outset",
	"outside", "over", "overlay", "overline", "padding-box", "page", "palegoldenrod", "palegreen", "paleturquise",
	"palevioletred", "papayawhip", "paused", "peachpuff", "peru", "petite-caps", "pink", "plaintext", "plum",
	"pointer", "powderblue", "pre", "pre-line", "pre-wrap", "preserve", "preserve-3d", "progress", "purple",
	"recto", "red", "reduced", "region", "relative", "repeat", "repeat-x", "repeat-y", "reverse", "ridge",
	"rightwards", "rosybrown", "round", "row", "row-reverse", "royalblue", "rtl", "ruby", "running", "s-resize",
	"saddlebrown", "salmon", "sandybrown", "sans-serif", "satuation", "scale-down", "screen", "scroll",
	"se-resize", "seagreen", "seashell", "semi-condensed", "semi-expanded", "separate", "serif", "sesame", "show",
	"sideways", "sideways-left", "sideways-right", "sienna", "silent", "silver", "skyblue", "slashed-zero",
	"slateblue", "slategray", "slategrey", "slide", "slow", "small", "small-caps", "small-caption", "snap",
	"snow", "soft", "soft-light", "solid", "space", "space-around", "space-between", "spell-out", "springgreen",
	"square", "sRGB", "start", "static", "status-bar", "steelblue", "step-end", "step-start", "stretch",
	"strict", "strong", "styleset", "stylistic", "sub", "subpixel-antialiased", "super", "sw-resize", "swash",
	"table", "table-caption", "table-cell", "table-column", "table-column-group", "table-footer-group",
	"table-header-group", "table-row", "table-row-group", "tan", "teal", "text", "text-bottom", "text-top",
	"thick", "thin", "thistle", "titling-caps", "tomato", "transparent", "triangle", "turquise",
	"ultra-condensed", "ultra-expanded", "under", "underline", "unicase", "unset", "upper-alpha", "upper-latin",
	"upper-roman", "uppercase", "upright", "use-glyph-orientation", "verso", "vertical", "vertical-lr",
	"vertical-rl", "violet", "visible", "w-resize", "wait", "wavy", "weak", "wheat", "white", "whitesmoke",
	"wrap-reverse", "x-fast", "x-high", "x-large", "x-loud", "x-low", "x-slow", "x-small", "x-soft", "x-strong",
	"x-weak", "xx-large", "xx-small", "yellow", "yellowgreen" ],

	"numbers" : [{
		"regEx": "#[0-9a-f]{3}(?=[ \\n\\t\\);,])",
		"ignoreCase": true
	},{
		"regEx": "#[0-9a-f]{6}(?=[ \\n\\t\\);,])",
		"ignoreCase": true
	},{
		"regEx": "(?<![a-zA-Z0-9\\._\\-\\+])\\-?(?!\\s)(?:[0-9\\.]+)?[0-9]*(?:%|em|ex|px|rem|vw|vh|vmin|vmax|mm|cm|in|pt|pc|deg|grad|rad|ms|s|Hz|kHz|dpi|dpcm|dppx)?(?!\\w)",
		"ignoreCase": true
	}],

	"characters": [],

	"strings": [{
		"begin": "\"",
		"end": "\""
	},{
		"begin": "'",
		"end": "'"
	},{
		"regEx": "(?<=url\\()\\S+(?=\\))",
		"ignoreCase": true
	}],



	"comments": {
		"begin": "/*",
		"end": "*/"
	}
}