{
	"name": "4d",

	"keywords": ["var", "begin", "debut", "fin",
        "Case", "case",
        "Function", "for each", "For each", "new", "Is", "is",
		"if", "If", "end", "End", "case", "of", "Else", "else",
        "while", "repeat", "Until", "repeter", "Jusque",
        "boucle", "fin de",
        "Class", "class", "constructor",
	],

	"types": ["Integer", "Object", "Boolean", "Text", "Collection", "Variant", "Time", ],

	"attributes": ["#DECLARE"],

	"variables": ["This"],

	"values": ["False", "false", "Null", "True", "true"],

	"numbers" : [{
		"regEx": "\\b-?[1-9][0-9]*l?\\b",
		"ignoreCase": true
	}, {
		"regEx": "\\b-?\\d+\\.\\d+(e[-+]?\\d+)?[lf]?\\b",
		"ignoreCase": true
	}, {
		"regEx": "\\b0[1-7][0-7]*+l?\\b",
		"ignoreCase": true
	}, {
		"regEx": "\\b0x[0-9a-f]+l?\\b",
		"ignoreCase": true
	}],

	"characters": [{
		"begin": "'",
		"end": "'"
	}],

	"strings": [{
		"begin": "\"",
		"end": "\""
	}],

	"comments": {
		"begin": "/*",
		"end": "*/",
		"inline": "//"
	}
}
