{
	"name": "Go",

	"keywords": ["break",
		"case", "chan", "const", "continue", "default", "defer", "else", "fallthrough", "for", "func",
		"go", "goto", "if", "import", "interface", "map", "package", "range", "return", "select", "struct",
		"switch", "type", "var"],
	
	"commands": ["append", "cap", "close", "complex", "copy", "delete", "image", "len", "make", "new", "panic",
		"print", "println", "real", "recover"],

	"types": ["bool", "byte", "chan", "complex128", "complex64", "error", "float32", "float64", "int", "int16",
		"int32", "int64", "int8", "interface", "map", "rune", "string", "struct", "uint", "uint16", "uint32",
		"uint64", "uint8", "uintptr"],

	"attributes": [],

	"variables": [],

	"values": ["false", "iota", "nil","true"],

	"numbers" : [{
		"regEx": "0[xX][0-9a-fA-F]+"
	}, {
		"regEx": "\\.d+([eE][-+]?\\d+)?i?"
	}, {
		"regEx": "\\b\\d+i?\\b"
	}, {
		"regEx": "\\d+[eE][-+]?\\d+i?"
	}, {
		"regEx": "\\d+\\.\\d*([eE][-+]?\\d+)?i?"
	}],

	"characters": [{
		"begin": "'",
		"end": "'"
	}],

	"strings": [{
		"begin": "\"",
		"end": "\""
	}, {
		"begin": "`",
		"end": "`"
	}],

	"comments": {
		"begin": "/*",
		"end": "*/",
		"inline": "//"
	}
}