{
	"name": "Java",

	"keywords": ["abstract", "assert", "break", "case", "catch", "class",
		"continue", "default", "do", "else", "enum", "extends", "final",  "finally", "for", "if", "implements",
		"import", "instanceof", "interface", "native", "new", "package", "private", "protected", "public",
		"return", "static", "strictfp", "switch", "synchronized", "throw", "throws", "transient", "try", "volatile",
		"while"],

	"types": ["boolean", "byte", "char", "double", "float", "int", "long", "short", "String", "void"],

	"attributes": ["@After", "@AfterClass", "@Before", "@Deprecated", "@Documented", "@Inherited",
		"@Override", "@Retetion", "@SafeVarargs", "@SuppressWarnings", "@Target", "@Test"],

	"variables": ["super", "this"],

	"values": ["false", "NaN", "null", "true"],

	"numbers" : [{
		"regEx": "\\b((\\d+\\.\\d*)|(\\.\\d+))(e[-+]?\\d+)?([lfud]|ul)?\\b",
		"ignoreCase": true
	}, {
		"regEx": "\\b0b[01_]+([lfud]|ul)?\\b",
		"ignoreCase": true
	}, {
		"regEx": "\\b0x[0-9a-f_]+([lfud]|ul)?\\b",
		"ignoreCase": true
	}, {
		"regEx": "\\b[0-9_]+([lfud]|ul)?\\b",
		"ignoreCase": true
	}],

	"characters": [{
		"begin": "'",
		"end": "'"
	}],

	"strings": [{
		"begin": "\"",
		"end": "\""
	}],

	"comments": {
		"begin": "/*",
		"end": "*/",
		"inline": "//"
	}
}