{
	"name": "js",

	"keywords": ["break", "case", "catch", "class", "const",
		"continue", "debugger", "default", "delete", "do", "each", "else", "enum", "export", "extends", "finally",
		"for", "function", "get", "if", "implements", "import",
		"in", "instanceof", "interface", "label", "let", "new", "of", "package", "private", "protected", "public",
		"return", "set", "static", "super", "switch", "throw", "try", "typeof", "var", "void", "while", "with",
		"yield"],

	"types": [],

	"attributes": ["console", "document", "self", "window"],

	"variables": ["arguments", "this"],

	"values": ["false", "Infinity", "NaN", "null", "PI", "true", "undefined"],

	"numbers" : [{
		"regEx": "\\b0b[01]+\\b",
		"ignoreCase": true
	}, {
		"regEx": "\\b0o[0-7]+\\b",
		"ignoreCase": true
	}, {
		"regEx": "\\b0x[0-9a-f]+\\b",
		"ignoreCase": true
	}, {
		"regEx": "\\b\\d+\\b"
	}],

	"characters": [{
		"regEx": "/\\S+/[gimy]*\\b",
	}],

	"strings": [{
		"begin": "\"",
		"end": "\""
	}, {
		"begin": "'",
		"end": "'"
	}, {
		"begin": "`",
		"end": "`"
	}],

	"comments": {
		"begin": "/*",
		"end": "*/",
		"inline": "//"
	}
}