{
	"name": "kotlin",

	"commands": ["abs", "assert", "fatalError", "max", "min", "print", "stride", "swap", ],

	"keywords": ["!in", "!is", "abstract", "actual", "annotation", "as", "as?", "break",
		"by", "catch", "class", "companion", "const", "constructor", "continue", "crossinline", "data", "delegate", "do",
		"dynamic", "else", "enum", "expect", "external", "false", "field", "final", "finally", "for", "fun", "get", "if", "import",
		"in", "infix", "init", "inline", "interface", "internal", "is", "it", "lateinit", "noinline", "object", "open", "operator", "out", "override",
        "package", "param", "private", "property", "protected", "public", "receiver", "reified", "return", "sealed",
		"set", "setparam", "suspend", "tailrec", "throw", "try", "typealias", "val", "var", "vararg", "when", "where", "while"],

	"types": ["Annotation", "Any", "ArithmeticException", "Array", "ArrayIndexOutOfBoundsException", "AssertionError", "Boolean", "BooleanArray", "Byte", "ByteArray", "Char", "CharArray", "CharSequence", "ClassCastException", "Comparable", "Comparator", "NoWhenBranchMatchedException", "DeprecationLevel", "Double", "DoubleArray", "Enum", "Error", "Exception", "Float", "FloatArray", "Function", "IllegalArgumentException", "IllegalCharacterConversionException", "IllegalStateException", "IndexOutOfBoundsException", "Int", "IntArray", "KotlinNullPointerException", "KotlinVersion", "Lazy", "LazyThreadSafetyMode", "Long", "LongArray", "NoSuchElementException", "Nothing", "NotImplementedError", "NoWhenBranchMatchedException", "NullPointerException", "Number", "NumberFormatException", "OutOfMemoryError", "Pair", "Result", "RuntimeException", "Short", "ShortArray", "String", "Synchronized", "Throwable", "Triple", "TypeCastException", "UByte", "UByteArray", "UInt", "UIntArray", "ULong", "ULongArray", "UninitializedPropertyAccessException", "Unit", "UnsupportedOperationException", "UShort", "UShortArray", "Volatile"],

	"attributes": ["annotation", "@delegate", "@field", "@file", "@get", "@MustBeDocumented", "@param", "@property", "@receiver", "@Repeatable",
		"@Retention", "@set", "@setparam", "@Target"],

	"variables": [{
		"regEx": "$\\d\\b"
	}, "this", "super"],

	"values": ["false", "null", "true"],

	"numbers" : [{
		"regEx": "(?<![0-9a-z_])[-+]?([0-9][0-9._]*|\\.[0-9][0-9_]*)(e-?[0-9._]+)?\\b",
		"ignoreCase": true
	}, {
		"regEx": "\\b0b[01][01_]*\\b"
	}, {
		"regEx": "\\b0o[0-7][0-7_]*\\b"
	}, {
		"regEx": "\\b0x[0-9a-fA-F][0-9a-fA-F_]*([pP]-?[0-9a-fA-F_]+)?\\b"
	}],

	"characters": [{
        "begin": "'",
        "end": "'"
    }],

    "strings": [{
		"begin": "\"",
		"end": "\""
    },{
        "begin": "\"\"\"",
        "end": "\"\"\""
    }],

	"comments": {
		"begin": "/*",
		"end": "*/",
		"inline": "//"
	}
}
