{
	"name": "latex",

	"keywords": [],

	"types": ["\\documentclass", "\\usepackage", "\\title", "\\author", "\\caption", "\\linespread", "\\input",
		"\\begin", "\\end", "\\pagenumbering", "\\section", "\\name", "\\basicInfo",
		"\\item", "\\subsection", "\\subsubsection", "\\texttt", "\\date", "\\today", "\\maketitle", "\\cite",
		"\\emph", "\\em", "\\chapter", "\\paragraph", "\\subparagraph", "\\part", "\\frontmatter", "\\mainmatter",
		"\\appendix", "\\backmatter", "\\hyphenation", "\\large", "\\Large", "\\LARGE", "\\slash", "\\indent",
		"\\noindent", "\\color", "\\textcolor", "\\normalfont", "\\textit", "\\textbf", "\\textmd", "\\huge",
		"\\Huge", "\\small", "\\pagestyle", "\\newcommand", "\\renewcommand", "\\providecommand", "\\newenvironment",
		"\\renewenvironment", "\\centering", "\\newpage", "\\geometry", "\\doublespacing", "\\footnote", "\\newcounter",
		"\\makeatletter", "\\makeatother", "\\urlstyle", "\\nonumber", "\\texorpdfstring", "\\setmainfont",
		"\\setsansfont", "\\setbeamerfont", "\\setbeamertemplate", "\\hbox", "\\justifying", "\\addtobeamertemplate",
		"\\nopagebreak", "\\stepcounter", "\\threeEmDash", "\\thispagestyle", "\\twocolumn", "\\parindent",
		"\\textbackslash", "\\bibitem", "\\bgroup", "\\egroup", "\\itshape", "\\setcounter", "\\linebreak",
		"\\bibliography", "\\setlength", "\\footnotesize", "\\nocite"],

	"attributes": ["\\includegraphics", "\\hline", "\\LaTeX"],

    "variables": [{
        "regEx": "\\\\(?:\\p{L}+|[,;:\\-/\\\\])"
    }],

	"values": [],

	"numbers" : [],

	"characters": [],

	"strings": [],

	"comments": {
		"inline": "%"
	}
}