{
	"name": "Lua",

	"keywords": ["and", "break", "do", "else", "elseif", "end", "for", "function", "goto", "if", "in", "local", "not", "or", "repeat", "return", "then", "until", "while"
	],

	"types": [],

	"attributes": [],

	"variables": ["self"],

	"values": ["_G", "_VERSION", "false", "nil", "true"],

	"numbers" : [{
		"regEx": "\\b-?[1-9][0-9]*l?\\b",
		"ignoreCase": true
	}, {
		"regEx": "\\b-?\\d+\\.\\d+(e[-+]?\\d+)?[lf]?\\b",
		"ignoreCase": true
	}, {
		"regEx": "\\b0[1-7][0-7]*+l?\\b",
		"ignoreCase": true
	}, {
		"regEx": "\\b0x[0-9a-f]+l?\\b",
		"ignoreCase": true
	}],

	"characters": [],

	"strings": [{
		"begin": "\"",
		"end": "\""
	}, {
		"begin": "'",
		"end": "'"
	}],

	"comments": {
		"begin": "--[[",
		"end": "]]",
		"inline": "--"
	}
}