{
	"name": "ObjectiveC",

	"commands": ["abs", "assert", "fatalError", "max", "min", "print", "stride", "swap"],


	"keywords": ["asm", "assign", "auto", "break", "bycopy", "byref", "case",
		"const",
		"continue", "copy", "default", "do", "else", "enum", "export", "extern", "explicit",
		"for", "getter", "goto", "if", "in", "inout", "inline",
		"mutable", "nonatomic", "nonnull", "nullable", "oneway",
		"readonly", "readwrite", "register",
		"restrict", "retain", "return", "out", "setter", "sizeof", "static", "strong", "struct", "switch",
		"typedef", "typename", "typeof", "union", "unsafe_unretained", "volatile", "weak", "while",

		"dispatch_once_t", "dispatch_queue_t", "dispatch_sync", "dispatch_async", "dispatch_once",

		"NS_DESIGNATED_INITIALIZER", "NS_UNAVAILABLE", "NS_REQUIRES_SUPER", "NS_RETURNS_INNER_POINTER",
		"NS_INLINE", "NS_AVAILABLE", "NS_DEPRECATED", "NS_ENUM", "NS_OPTIONS", "NS_SWIFT_UNAVAILABLE",
		"NS_ASSUME_NONNULL_BEGIN", "NS_ASSUME_NONNULL_END", "NS_REFINED_FOR_SWIFT", "NS_SWIFT_NAME",
		"NS_SWIFT_NOTHROW", "NS_DURING", "NS_HANDLER", "NS_ENDHANDLER", "NS_VALUERETURN", "NS_VOIDRETURN", "using namespace", "alloc", "init", "autorelease"],

	"types": [{
		"regEx": "\\b(AV|CA|CF|CG|CI|CL|CM|CN|CT|MK|MP|MTK|MTL|NS|SCN|SK|UI|WK|XC)\\w+"
	}, "bool", "BOOL", "boolean", "byte", "char", "char16_t", "char32_t", "double", "float", "int", "long", "signed",
		"short", "void", "wchar_t", "unichar", "unsigned"],

	"attributes": ["NSApplicationMain", "#define", "#elif", "#else", "#endif", "#error", "#if", "#ifdef",
		"#ifndef", "#import", "#include", "#line", "#pragma", "#undef", "@private", "@protected",
		"@public", "@try", "@property", "@end",
		"@throw", "@catch", "@finally", "@autoreleasepool", "@synthesize", "@dynamic", "@selector",
		"@optional", "@required", "@encode", "@package", "@import", "@defs", "@compatibility_alias", 
		"@interface", "@available", "@class", "@protocol", "@implementation",
		"IBOutlet", "IBAction", "__strong", "__weak", "__block", "__autoreleasing"],

	"variables": ["self", "this", "super", "id"],

	"values": ["false", "FALSE", "nil", "true", "TRUE", "YES", "NO", "NULL", "__FILE__", "__LINE__"],

	"numbers" : [{
		"regEx": "\\b-?[1-9][0-9]*l?\\b",
		"ignoreCase": true
	}, {
		"regEx": "\\b-?\\d+\\.\\d+(e[-+]?\\d+)?[lf]?\\b",
		"ignoreCase": true
	}, {
		"regEx": "\\b0[1-7][0-7]*+l?\\b",
		"ignoreCase": true
	}, {
		"regEx": "\\b0x[0-9a-f]+l?\\b",
		"ignoreCase": true
	}],

	"characters": [],

	"strings": [{
		"begin": "\"",
		"end": "\""
	}],

	"comments": {
		"begin": "/*",
		"end": "*/",
		"inline": "//"
	}
}
