{
	"name": "Php",

	"keywords": ["<?php", "?>", "abstract", "and", "as", "binary", "break", "case", "catch", "class", "clone",
		"const", "continue", "declare", "default", "do", "else", "elseif", "endfor", "endforeach", "endif",
		"endswitch", "endwhile", "exit", "extends", "final", "finally", "for", "foreach", "function", "global",
		"goto", "if", "implements", "include", "include_once", "instanceof", "insteadof", "interface", "namespace",
		"new", "or", "OR", "private", "protected", "public", "real", "require", "require_once", "return",
		"static", "switch", "throw", "trait", "try", "unset", "use", "var", "while", "xor", "yield"],

	"types": ["bool", "boolean", "callable", "double", "float", "int", "integer", "mixed", "number", "object",
		"resource", "string", "void"],

	"attributes": ["console", "document", "self", "window"],

	"variables": ["arguments", "this"],

	"values": ["false", "null","true"],

	"numbers" : [{
		"regEx": "\\b-?0b[01]+\\b",
		"ignoreCase": true
	}, {
		"regEx": "\\b-?0x[0-9a-f]+\\b",
		"ignoreCase": true
	}, {
		"regEx": "\\b-?\\d*\\.?\\d+\\b",
		"ignoreCase": true
	}],

	"characters": [{
		"begin": "'",
		"end": "'"
	}],

	"strings": [{
		"begin": "\"",
		"end": "\""
	}],

	"comments": {
		"begin": "/*",
		"end": "*/",
		"inline": "//"
	}
}