{
	"name": "Python",

	"keywords": ["and", "as", "async", "assert", "await", "break", "class", 
		"continue", "def", "del", "elif", "else", "except", "finally", "for", "from", "global", "if", "import", "in",
		"is", "lambda", "nonlocal", "not", "or", "pass", "print", "raise", "return", "try", "while", "with", "yield"],

	"types": ["boolean", "byte", "char", "char16_t", "char32_t", "double", "float", "int", "long", "signed",
		"short", "void", "wchar_t", "unsigned"],

	"attributes": [{
		"regEx": "@(?:\\w|\\.)+" 
	}, "@abstractmethod", "@classmethod", "@property", "@staticmethod"],

	"variables": ["cls", "self"],

	"values": ["False", "None", "True"],

	"numbers" : [{
		"regEx": "((?<!\\w)|[-+])(?:\\.[0-9][0-9_]*|[0-9][0-9_]*\\.|[0-9]+\\.[0-9][0-9_]*|[0-9][0-9_]*)(e[+-]?[0-9][0-9_]*)?[jl]?",
		"ignoreCase": true
	}, {
		"regEx": "\\b0b[01][01_]*l?",
		"ignoreCase": true
	}, {
		"regEx": "\\b0o[0-7][0-7_]*l?",
		"ignoreCase": true
	}, {
		"regEx": "\\b0x[0-9a-f][0-9a-f_]*l?",
		"ignoreCase": true
	}],

	"characters": [],

	"strings": [{
		"begin": "\"",
		"end": "\""
	},{
		"begin": "\"\"\"",
		"end": "\"\"\""
	},{
		"begin": "'",
		"end": "'"
	},{
		"begin": "'''",
		"end": "'''"
	},{
		"begin": "`",
		"end": "`"
	}, {
		"regEx": "\\b(r|u|ur)['\"]",
		"ignoreCase": true
	}],

	"comments": {
		"inline": "#"
	}
}