{
	"name": "Ruby",

	"keywords": [{
		"regEx": "\\bclass\\s"
	}, "alias", "and", "BEGIN", "begin", "break", "case", "def", "defined?", "do", "else", "elseif", "END",
		"end", "ensure", "for", "if", "in", "module", "next", "not", "or", "redo", "rescue", "retry", "return",
		"super", "then", "undef", "unless", "until", "when", "while", "yield"],

	"types": [],

	"attributes": [],

	"variables": ["$!", "$\"", "$#", "$$", "$%", "$&", "$'", "$(", "$)", "$*", "$+", "$,", "$-0", "$-a", "$-d",
		"$-F", "$-i", "$-I", "$-K", "$-l", "$-p", "$-v", "$-w", "$-W", "$/", "$:", "$;", "$<", "$=", "$>", "$?",
		"$@", "$[", "$\\", "$]", "$_", "$`", "$DEBUG", "$FILENAME", "$KCODE", "$stderr", "$stdin", "$stdout",
		"$VERBOSE", "${", "$|", "$}", "$~", "self"],

	"values": ["__ENCODING__", "__FILE__", "false", "nil", "true"],

	"numbers" : [{
		"regEx": "\\b0b[01_]+\\b",
		"ignoreCase": true
	}, {
		"regEx": "\\b0d[0-9_]+\\b",
		"ignoreCase": true
	}, {
		"regEx": "\\b0o[0-7_]+\\b",
		"ignoreCase": true
	}, {
		"regEx": "\\b0x[0-9a-f_]+\\b",
		"ignoreCase": true
	}, {
		"regEx": "\\b[0-9][0-9_]*\\.[0-9_]+([eE][0+][0-9_]+)?r?i?\\b",
		"ignoreCase": true
	}, {
		"regEx": "\\b[0-9][0-9_]*\\b",
		"ignoreCase": true
	}, {
		"begin": "`",
		"end": "`"
	}],

	"characters": [{
		"begin": "'",
		"end": "'"
	}],

	"strings": [{
		"begin": "\"",
		"end": "\""
	}],

	"comments": {
		"begin": "=begin",
		"end": "=end",
		"inline": "#"
	}
}