{
	"name": "Rust",

	"keywords": ["as", "box", "break", "continue", "crate", "else", "enum", "extern", "fn", "for", "if", "impl", "in", "let", "loop", "match", "mod", "mut", "priv", "proc", "pub", "ref", "return", "static", "struct", "trait", "type", "unsafe", "use", "while"],

	"types": ["AnyLines", "bool", "Bytes", "c_char", "c_double", "c_float", "c_int", "c_long", "c_longlong", "c_schar", "c_short", "c_uchar", "c_uint", "c_ulong", "c_ulonglong", "c_ushort", "Callback", "char", "clock_t", "Color", "Components", "DecodeResult", "Edges", "EncodeResult", "EnvMap", "f32", "f64", "fd_t", "GlueFn", "i16", "i32","i64", "i8", "int", "intmax_t", "intptr_t", "IoResult", "Items", "Iterate", "Keys", "MetricDiff", "MonitorMsg", "MoveItems", "Nodes", "OptRes", "Port", "ptrdiff_t", "Result", "SendStr", "SetAlgebraItems", "SetItems", "SetMoveItems", "size_t", "slice", "stock_t", "str", "StrComponents", "suseconds_t", "time_t", "tuple", "u16", "u32", "u64", "u8", "uint", "uintmax_t", "uintptr_t", "Values", "wchar_t", "Words"],

	"attributes": ["assert!", "assert_eq!", "at", "at_exit", "at_utc", "begin_unwind", "begin_unwind_fmt", "bitflags!", "bytes!", "cfg!", "cleanup", "clone", "col!", "concat!", "concat_idents!", "debug!", "debug_assert!", "debug_assert_eq!", "declare_lint!", "decrement", "default_sched_threads", "empty_tm", "env!", "error!", "fail!", "file!", "format!", "format_args!", "get_time", "include_bin!", "include_str!", "increment", "info!", "init", "line!", "lint_array!", "lint_initializer!", "local_data_key!", "log!", "log_enabled", "log_enabled!", "min_stack", "module_path!", "now", "now_utc", "option_env!", "precise_time_ns", "precise_time_s", "print!", "println!", "put", "regex!", "register_diagnostic!", "register_diagnostics!", "running_on_valgrind", "select!", "span_err!", "span_note!", "span_warn!", "strftime", "stringify!", "strptime", "take", "try!", "tzset", "unimplemented!", "unreachable!", "vec!", "wait_for_other_tasks", "warn!", "write!", "writeln!", ],
	
	"commands": ["abort", "abs", "abs_sub", "align_of", "align_of_val", "all_names", "assume", "atomic_and", "atomic_and_acq", "atomic_and_acqrel", "atomic_and_rel", "atomic_and_relaxed", "atomic_cxchg", "atomic_cxchg_acq", "atomic_cxchg_acqrel", "atomic_cxchg_rel", "atomic_cxchg_relaxed", "atomic_fence", "atomic_fence_acq", "atomic_fence_acqrel", "atomic_fence_rel", "atomic_load", "atomic_load_acq", "atomic_load_relaxed", "atomic_max", "atomic_max_acq", "atomic_max_acqrel", "atomic_max_rel", "atomic_max_relaxed", "atomic_min", "atomic_min_acq", "atomic_min_acqrel", "atomic_min_rel", "atomic_min_relaxed", "atomic_nand", "atomic_nand_acq", "atomic_nand_acqrel", "atomic_nand_rel", "atomic_nand_relaxed", "atomic_or", "atomic_or_acq", "atomic_or_acqrel", "atomic_or_rel", "atomic_or_relaxed", "atomic_store", "atomic_store_rel", "atomic_store_relaxed", "atomic_umax", "atomic_umax_acq", "atomic_umax_acqrel", "atomic_umax_rel", "atomic_umax_relaxed", "atomic_umin", "atomic_umin_acq", "atomic_umin_acqrel", "atomic_umin_rel", "atomic_umin_relaxed", "atomic_xadd", "atomic_xadd_acq", "atomic_xadd_acqrel", "atomic_xadd_rel", "atomic_xadd_relaxed", "atomic_xchg", "atomic_xchg_acq", "atomic_xchg_acqrel", "atomic_xchg_rel", "atomic_xchg_relaxed", "atomic_xor", "atomic_xor_acq", "atomic_xor_acqrel", "atomic_xor_rel", "atomic_xor_relaxed", "atomic_xsub", "atomic_xsub_acq", "atomic_xsub_acqrel", "atomic_xsub_rel", "atomic_xsub_relaxed", "begin_unwind", "begin_unwind_fmt", "benchmark", "black_box", "breakpoint", "bswap16", "bswap32", "bswap64", "canonical_combining_class", "cast", "ceilf32", "ceilf64", "change_file_times", "channel", "check_for_errors_in", "checked_next_power_of_two", "chmod", "chomod", "chown", "clone_ref", "close", "cmp", "compose", "copy", "copy_lifetime", "copy_memory", "copy_mut_lifetime", "copy_nonoverlapping_memory", "copysignf32", "copysignf64", "cosf32", "cosf64", "count", "ctlz16", "ctlz32", "ctlz64", "ctlz8", "ctpop16", "ctpop32", "ctpop64", "ctpop8", "cttz16", "cttz32", "cttz64", "cttz8", "current_guard_page", "decompose_canonical", "decompose_compatible", "div_rem", "drop", "eq", "equals", "escape_default", "escape_defaults", "escape_unicode", "exp2f32", "exp2f64", "expand", "expf32", "expf64", "fabsf32", "fabsf64", "fail", "fail_fmt", "fence", "filter_tests", "float_to_str_bytes_common", "float_to_str_common", "floorf32", "floorf64", "flush", "fmaf32", "fmaf64", "fmt_bench_samples", "fmt_metrics", "fold", "forget", "format", "freq_count", "from_bytes", "from_c_multistring", "from_digit", "from_f32", "from_f64", "from_fn", "from_i16", "from_i32", "from_i64", "from_i8", "from_int", "from_str", "from_str_bytes_common", "from_str_common", "from_str_hex", "from_u16", "from_u32", "from_u64", "ge", "get_dbpath_for_term", "get_host_addresses", "get_mut", "get_sp_limit", "get_tydesc", "getsockopt", "gt", "hash", "hash_with_keys", "htons", "i16_add_with_overflow", "i16_mul_with_overflow", "i16_sub_with_overflow", "i32_add_with_overflow", "i32_mul_with_overflow", "i32_sub_with_overflow", "i64_add_with_overflow", "i64_mul_with_overflow", "i64_sub_with_overflow", "i8_add_with_overflow", "i8_mul_with_overflow", "i8_sub_with_overflow", "init", "is_alphabetic", "is_alphanumeric", "is_control", "is_cwd_relative", "is_digit", "is_digit_radix", "is_lowercase", "is_match", "is_sep", "is_sep_byte", "is_sep_byte_verbatim", "is_sep_verbatim", "is_unique", "is_uppercase", "is_verbatim", "is_vol_relative", "is_whitespace", "is_XID_continue", "is_XID_start", "iterate", "lang_start", "last_error", "le", "len", "len_utf8_bytes", "len_utf8_types", "link", "log10f32", "log10f64", "log2f32", "log2f64", "logf32", "logf64", "lookup", "lstat", "lt", "main", "main_guard_page", "make_non_verbatim", "max", "maybe_inject_crates_ref", "maybe_inject_prelude", "memcmp", "memcpy", "memmove", "memset", "min", "min_align_of", "min_align_of_val", "mkdir", "mkdir_recursive", "modify_for_testing", "move_val_init", "msys_terminfo", "mut_ref_slice", "ne", "nearbyintf32", "nearbyintf64", "needs_drop", "new", "next_test_ip4", "next_test_ip6", "next_test_port", "next_test_unix", "now", "ntohs", "null", "null_mut", "offset", "one", "open", "open_external", "open_internal", "opt_shard", "owns_managed", "parse", "parse_opts", "partial_cmp", "partial_max", "partial_min", "pipe", "pow", "powf32", "powf64", "powif32", "powif64", "pref_align_of", "prefix", "print", "print_args", "println", "println_args", "quote", "radix", "raise_fd_limit", "random", "range", "range_inclusive", "range_step", "range_step_inclusive", "read", "read_and_zero", "readdir", "readlink", "record_os_managed_stack_bounds", "record_rust_managed_stack_bounds", "record_sp_limit", "ref_slice", "register", "rename", "replace", "return_address", "rintf32", "rintf64", "rmdir", "rmdir_recursive", "roundf32", "roundf64", "run", "run_test", "run_tests_console", "rust_begin_unwind", "sample", "set_logger", "set_memory", "set_stderr", "set_stdout", "signum", "sinf32", "sinf64", "size_of", "size_of_val", "sleep", "sockaddr_to_addr", "sqrtf32", "sqrtf64", "standard_error", "start", "stat", "stderr", "stderr_raw", "stdin", "stdin_raw", "stdout", "stdout_raw", "swap", "symbol", "symlink", "sync_channel", "task_rng", "test_main", "test_main_static", "to_digit", "to_lowercase", "to_str_digits", "to_str_exact", "to_str_exp_digits", "to_str_exp_exact", "to_str_hex", "to_str_radix_special", "to_string", "to_uppercase", "transmute", "transmute_copy", "truncf32", "truncf64", "try_finally", "try_unwrap", "type_id", "u16_add_with_overflow", "u16_mul_with_overflow", "u16_sub_with_overflow", "u32_add_with_overflow", "u32_mul_with_overflow", "u32_sub_with_overflow", "u64_add_with_overflow", "u64_from_be_bytes", "u64_mul_with_overflow", "u64_sub_with_overflow", "u64_to_be_bytes", "u64_to_le_bytes", "u8_add_with_overflow", "u8_mul_with_overflow", "u8_sub_with_overflow", "uninit", "unlink", "unreachable", "utime", "volatile_copy_memory", "volatile_copy_nonoverlapping_memory", "volatile_load", "volatile_set_memory", "volatile_store", "walk_dir", "weak_rng", "width", "winsorize", "write", "write_5_number_summary", "write_boxplot", "zero", "zero_memory", "zeroed"],

	"variables": [ "self", "super"],

	"values": [ "AcqRel", "Acquire", "AddrConfig", "AF_INET", "AF_INET6", "AF_UNIX", "AlignCenter", "AlignLeft", "AlignRight", "AlignUnknown", "All", "ALL_PERMISSIONS", "AllArch", "AlwaysColor", "Append", "ARCH", "Archs", "Arm", "AutoColor", "BackgroundColor", "BITS", "BLACK", "Blink", "BLUE", "Bold", "BRIGHT_BLACK", "BRIGHT_BLUE", "BRIGHT_CYAN", "BRIGHT_MAGENTA", "BRIGHT_RED", "BRIGHT_WHITE", "BRIGHT_YELLOW", "BrokenPipe", "BYTES", "CanonName", "CloseAsynchronously", "Closed", "CloseSynchronously", "ConnectionAborted", "ConnectionFailed", "ConnectionRefused", "ConnectionReset", "CreatePipe", "CYAN", "Datagram", "DeviceNSPrefix", "DigAll", "DigExact", "DIGITS", "DigMax", "Dim", "Disconnected", "DiskPrefix", "DLL_EXTENSION", "DLL_PREFIX", "DLL_SUFFIX", "DontClose", "DynBenchFn", "DynMetricFn", "DynTestFn", "DynTestName", "E", "Empty", "EndOfFile", "EPSILON", "Equal", "Err", "ErrAlreadyExists", "ErrCreateFileMappingW", "ErrFdNotAvail", "ErrInvalidFd", "ErrMapViewOfFile", "ErrNoMapSupport", "ErrNoMem", "ErrUnaligned", "ErrUnknown", "ErrUnsupOffset", "ErrUnsupProt", "ErrVirtualAlloc", "ErrZeroLength", "EXE_EXTENSION", "EXE_SUFFIX", "ExitSignal", "ExitStatus", "ExpBin", "ExpDec", "ExpNone", "false", "FAMILY", "FileNotFound", "FlagAlternate", "FlagSignAwareZeroPad", "FlagSignMinus", "FlagSignPlus", "ForeguroundColor", "FPInfinite", "FPNaN", "FPNormal", "FPSubnormal", "FPZero", "FRAC_1_PI", "FRAC_1_SQRT2", "FRAC_2_PI", "FRAC_2_SQRTPI", "FRAC_PI_2", "FRAC_PI_3", "FRAC_PI_4", "FRAC_PI_6", "FRAC_PI_8", "Full", "Global", "Greater", "GREEN", "GREEN_BLOCKED", "GROUP_EXECUTE", "GROUP_READ", "GROUP_RWX", "GROUP_WRITE", "GroupExecute", "GroupRead", "GroupRWX", "GroupWrite", "Ignored", "Improvement", "INFINITY", "InheritFd", "INIT_ATOMIC_BOOL", "INIT_ATOMIC_INT", "INIT_ATOMIC_UINT", "InvalidDay", "InvalidDayOfMonth", "InvalidDayOfWeek", "InvalidDayOfYear", "InvalidFormatSpecifier", "InvalidHour", "InvalidInput", "InvalidMinute", "InvalidMonth", "InvalidSecond", "InvalidTime", "InvalidYear", "InvalidZoneOffset", "IoUnavailable", "Ipv4Addr", "Ipv6Addr", "Italic", "KeyValueKey", "Lazy", "Less", "LikelyNoise", "LN_10", "LN_2", "Local", "LOCKED", "LOG10_E", "LOG2_E", "LoneSurrogate", "MAGENTA", "MANTISSA_DIGITS", "MAX", "MAX_10_EXP", "MAX_EXP", "MAX_VALUE", "MetricAdded", "MetricRemoved", "MIN", "MIN_10_EXP", "MIN_EXP", "MIN_POS_VALUE", "MIN_VALUE", "MinMax", "Mips", "Mipsel", "MismatchedFileTypeForOperation", "MissingFormatConverter", "MustDieSignal", "MUTEX_INIT", "NAN", "NATIVE_BLOCKED", "NEG_INFINITY", "NeverColor", "NewTimer", "NoElements", "None", "NoProgress", "NotConnected", "NotNull", "Now", "Null", "NumericHost", "NumericServ", "Occupied", "Ok", "ONCE_INIT", "OneElement", "Open", "OsAndroid", "OsDragonfly", "OsFreebsd", "OsiOS", "OsLinux", "OsMacos", "OsWindows", "OTHER_EXECUTE", "OTHER_READ", "OTHER_RWX", "OTHER_WRITE", "OtherExecute", "OtherIoError", "OtherRead", "OtherRWX", "OtherWrite", "Owned", "Passive", "PathAlreadyExists", "PathDoesntExist", "PERLD", "PERLS", "PERLW", "PermissionDenied", "PI", "PI_2", "PleaseExitSignal", "RADIX", "Raw", "Read", "ReadWrite", "RecvDisconnected", "RED", "Regression", "Relaxed", "Release", "RemoveTimer", "ResourceUnavailable", "Reverse", "RustArch", "ScalarValue", "Secure", "SeekCur", "SeekEnd", "SeekSet", "SEP", "SEP2", "SEP2_BYTE", "SEP_BYTE", "SeqCst", "Shared", "ShortWrite", "SignAll", "SignNeg", "SignNone", "Slice", "Some", "SQRT2", "Standout", "StaticBenchFn", "StaticMetricFn", "StaticTestFn", "StaticTestName", "Stream", "SYSNAME", "TCP", "TimedOut", "TrBench", "TrFailed", "TrIgnored", "TrMetrics", "TrOk", "true", "Truncate", "TypeBlockSpecial", "TypeDirectory", "TypeFile", "TypeNamedPipe", "TypeSymlink", "TypeUnknown", "UDP", "UNCPrefix", "Underline", "UnexpectedCharacter", "UNICODE_CLASSES", "UNICODE_VERSION", "USER_DIR", "USER_EXEC", "USER_EXECUTE", "USER_FILE", "USER_READ", "USER_RWX", "USER_WRITE", "UserExecute", "UserRead", "UserRWX", "UserWrite", "V4Mapped", "Vacant", "VerbatimDiskPrefix", "VerbatimPrefix", "VerbatimUNCPrefix", "WHITE", "Write", "WriteError", "X86", "X86_64", "YELLOW"],

	"numbers" : [{
		"regEx": "\\b-?[1-9][0-9]*l?\\b",
		"ignoreCase": true
	}, {
		"regEx": "\\b-?\\d+\\.\\d+(e[-+]?\\d+)?[lf]?\\b",
		"ignoreCase": true
	}, {
		"regEx": "\\b0[1-7][0-7]*+l?\\b",
		"ignoreCase": true
	}, {
		"regEx": "\\b0x[0-9a-f]+l?\\b",
		"ignoreCase": true
	}],

	"characters": [{
		"regEx": "(?<=#include)[\\t ]*<.+>"
	}],

	"strings": [{
		"begin": "\"",
		"end": "\""
	}, {
		"regEx": "'\\S+'"
	}],

	"comments": {
		"begin": "/*",
		"end": "*/",
		"inline": "//"
	}
}