{
	"name": "swift",

	"commands": ["abs", "assert", "fatalError", "max", "min", "print", "stride", "swap", ],

	"keywords": ["#available", "#else", "#elseif", "#endif", "#if", "Any", "as", "break",
		"case", "catch", "class", "continue", "defer", "deinit", "didSet", "do",
		"dynamic", "else", "enum", "extension", "final", "fileprivate", "for", "func", "get", "guard", "import",
		"if", "in", "inout", "internal", "is", "lazy", "let", "mutating", "none", "nonmutating", "open", "operator",
		"optional", "override", "private", "protocol", "public", "repeat", "required", "rethrows", "return", "Self",
		"set", "static", "struct", "subscript", "switch", "throw", "throws", "try", "Type", "typealias", "unowned", "var",
		"weak", "while", "willSet"],

	"types": ["Array", "AnyObject", "Any", "ArraySlice", "Bool", "Character", "ClosedInterval", "Dictionary", "Double", "Float", "Hashable", "Int",
		"Int16", "Int32", "Int64", "Optional", "Range", "Set", "String", "String.CharacterView", "String.CharacterView.Index", "String.UTF16View",
		"String.UTF16View.Index", "UInt", "UInt16", "UInt32", "UInt64"],

	"attributes": ["NSApplicationMain", "@autoclosure", "@available", "@convention", "@discardableResult", "@escaping", "@GKInspectable", "@IBAction", "@IBDesignable", "@IBInspectable",
		"@IBOutlet", "@inline", "@noescape", "@nonobjc", "@noreturn", "@objc"],

	"variables": [{
		"regEx": "$\\d\\b"
	}, "newValue", "oldValue", "self", "super"],

	"values": ["false", "nil", "true"],

	"numbers" : [{
		"regEx": "(?<![0-9a-z_])[-+]?([0-9][0-9._]*|\\.[0-9][0-9_]*)(e-?[0-9._]+)?\\b",
		"ignoreCase": true
	}, {
		"regEx": "\\b0b[01][01_]*\\b"
	}, {
		"regEx": "\\b0o[0-7][0-7_]*\\b"
	}, {
		"regEx": "\\b0x[0-9a-fA-F][0-9a-fA-F_]*([pP]-?[0-9a-fA-F_]+)?\\b"
	}],

	"characters": [],

	"strings": [{
		"begin": "\"",
		"end": "\""
    },{
        "begin": "\"\"\"",
        "end": "\"\"\""
    }],

	"comments": {
		"begin": "/*",
		"end": "*/",
		"inline": "//"
	}
}