{
	"name": "Xml",

	"keywords": [{
		"regEx": "(?<=</?)[[:alnum:]_\\-.:]+(?=[\\n\\t />])"
	}],

	"commands": [{
		"regEx": "(?<=<)\\?[[:alnum:]_\\-.:]+"
	}, {
		"regEx": "\\?(?=>)"
	}],

	"types": [],

	"attributes": [{
		"regEx": "\\s[[:alnum:]_\\-.:]+\\s*(?==)"
	}],

	"variables": [{
		"regEx": "(?<=</?)[[:alnum:]_\\-.]+:(?=\\w)"
	}, {
		"regEx": "(?<=\\s)[[:alnum:]_\\-.]+:(?=(\\w|[\\-.])+\\s*=)"
	}],

	"values": ["false", "null", "true"],

	"numbers" : [],

	"characters": [{
		"regEx": "&\\S+?;"
	}],

	"strings": [{
		"begin": "\"",
		"end": "\""
	}],

	"comments": {
		"begin": "<!--",
		"end": "-->"
	}
}